Workbook

Sheet 団体名等入力
A2: 大会名 | B2: 団体名 | C2: 申込責任者 | D2: 連絡先（電話番号）
A3: 第32回バタフライダブルスチームカップ年代別・学年別選手権
A4: ≪参加料は、大会当日の開会式前(午前8時15分～8時45分の間)に受付（ステージ左側）でお支払いください。≫

Sheet 男女団体
A1: 大会名 | D1: =団体名等入力!A3 -> 第32回バタフライダブルスチームカップ年代別・学年別選手権
A2: 団体名 | D2: =IF(団体名等入力!B3="","",団体名等入力!B3)
A3: 団体（男子・女子）
B4: 区分 | C4: チーム名 | D4: 氏名1 | E4: 氏名2 | F4: 氏名3 | G4: 氏名4 | H4: 氏名5 | I4: 氏名6 | L4: 氏名9 | M4: 氏名10 | N4: 登録/未登録
A5: 1 | O5: =IF(OR(B5="一般",B5="大学"),3000,IF(OR(B5="高校",B5="中学",B5="小学"),2000,0)) -> 0 | P5: =IF(N5="登録",O5,O5*1) -> 0
A6: 2 | O6: =IF(OR(B6="一般",B6="大学"),3000,IF(OR(B6="高校",B6="中学",B6="小学"),2000,0)) -> 0 | P6: =IF(N6="登録",O6,O6*1) -> 0
A7: 3 | O7: =IF(OR(B7="一般",B7="大学"),3000,IF(OR(B7="高校",B7="中学",B7="小学"),2000,0)) -> 0 | P7: =IF(N7="登録",O7,O7*1) -> 0
A8: 4 | O8: =IF(OR(B8="一般",B8="大学"),3000,IF(OR(B8="高校",B8="中学",B8="小学"),2000,0)) -> 0 | P8: =IF(N8="登録",O8,O8*1) -> 0
A9: 5 | O9: =IF(OR(B9="一般",B9="大学"),3000,IF(OR(B9="高校",B9="中学",B9="小学"),2000,0)) -> 0 | P9: =IF(N9="登録",O9,O9*1) -> 0
A10: 6 | O10: =IF(OR(B10="一般",B10="大学"),3000,IF(OR(B10="高校",B10="中学",B10="小学"),2000,0)) -> 0 | P10: =IF(N10="登録",O10,O10*1) -> 0
A11: 7 | O11: =IF(OR(B11="一般",B11="大学"),3000,IF(OR(B11="高校",B11="中学",B11="小学"),2000,0)) -> 0 | P11: =IF(N11="登録",O11,O11*1) -> 0
A12: 8 | O12: =IF(OR(B12="一般",B12="大学"),3000,IF(OR(B12="高校",B12="中学",B12="小学"),2000,0)) -> 0 | P12: =IF(N12="登録",O12,O12*1) -> 0
A13: 9 | O13: =IF(OR(B13="一般",B13="大学"),3000,IF(OR(B13="高校",B13="中学",B13="小学"),2000,0)) -> 0 | P13: =IF(N13="登録",O13,O13*1) -> 0
A14: 10 | O14: =IF(OR(B14="一般",B14="大学"),3000,IF(OR(B14="高校",B14="中学",B14="小学"),2000,0)) -> 0 | P14: =IF(N14="登録",O14,O14*1) -> 0
A15: 3 | O15: =IF(OR(B15="一般",B15="大学"),3000,IF(OR(B15="高校",B15="中学",B15="小学"),2000,0)) -> 0 | P15: =IF(N15="登録",O15,O15*1) -> 0
A16: 4 | O16: =IF(OR(B16="一般",B16="大学"),3000,IF(OR(B16="高校",B16="中学",B16="小学"),2000,0)) -> 0 | P16: =IF(N16="登録",O16,O16*1) -> 0
... A22: 10 | O22: =IF(OR(B22="一般",B22="大学"),3000,IF(OR(B22="高校",B22="中学",B22="小学"),2000,0)) -> 0 | P22: =IF(N22="登録",O22,O22*1) -> 0
H24: 出場チーム | I24: =COUNTA(B10:B10)-COUNTIF(B10:B10,"* *") -> 0
H25: 金額 | I25: =K28 -> 0 | O25: =SUM(O10:O24) -> 0
I27: 申込数合計 | K27: 金額合計
I28: =SUM(I30:I37) -> 0 | K28: =SUM(K30:K37) -> 0
H29: 申込区分 | I29: 申込数 | J29: 金額 | K29: 計
H30: 一般男子 | I30: =COUNTIF(B:C,H30) -> 0 | J30: 2000 | K30: =I30*J30 -> 0
H31: 一般女子 | I31: =COUNTIF(B:C,H31) -> 0 | J31: 2000 | K31: =I31*J31 -> 0
H32: 高校男子 | I32: =COUNTIF(B:C,H32) -> 0 | J32: 2000 | K32: =I32*J32 -> 0
H33: 高校女子 | I33: =COUNTIF(B:C,H33) -> 0 | J33: 2000 | K33: =I33*J33 -> 0
H34: 中学男子 | I34: =COUNTIF(B:C,H34) -> 0 | J34: 2000 | K34: =I34*J34 -> 0
H35: 中学女子 | I35: =COUNTIF(B:C,H35) -> 0 | J35: 2000 | K35: =I35*J35 -> 0
H36: 小学男子 | I36: =COUNTIF(B:C,H36) -> 0 | J36: 2000 | K36: =I36*J36 -> 0
H37: 小学女子 | I37: =COUNTIF(B:C,H37) -> 0 | J37: 2000 | K37: =I37*J37 -> 0

Sheet 男女シングルス
A1: 大会名 | C1: =団体名等入力!A3 -> 第32回バタフライダブルスチームカップ年代別・学年別選手権
A2: 団体名 | C2: =IF(団体名等入力!B3="","",団体名等入力!B3)
A3: シングルス（男子・女子）
B4: 種目 | C4: 氏名 | D4: 団体名 | E4: エントリーの年代 | F4: 備考
A5: =IF(B5="","",1)
A6: =IF(B6="","",A5+1) | I6: 申込数合計 | K6: 金額合計
A7: =IF(B7="","",A6+1) | I7: =SUM(I9:I16) -> 0 | K7: =SUM(K9:K16) -> 0
A8: =IF(B8="","",A7+1) | H8: 申込区分 | I8: 申込数 | J8: 金額 | K8: 計
A9: =IF(B9="","",A8+1) | H9: 一般男子 | I9: =COUNTIF(A:B,H9) -> 0 | J9: 700 | K9: =I9*J9 -> 0
A10: =IF(B10="","",A9+1) | H10: 一般女子 | I10: =COUNTIF(A:B,H10) -> 0 | J10: 700 | K10: =I10*J10 -> 0
A11: =IF(B11="","",A10+1) | H11: 高校1・2年男子 | I11: =COUNTIF(A:B,H11) -> 0 | J11: 500 | K11: =I11*J11 -> 0
A12: =IF(B12="","",A11+1) | H12: 高校1・2年女子 | I12: =COUNTIF(A:B,H12) -> 0 | J12: 500 | K12: =I12*J12 -> 0
A13: =IF(B13="","",A12+1) | H13: 中学1・2年男子 | I13: =COUNTIF(A:B,H13) -> 0 | J13: 500 | K13: =I13*J13 -> 0
A14: =IF(B14="","",A13+1) | H14: 中学1・2年女子 | I14: =COUNTIF(A:B,H14) -> 0 | J14: 500 | K14: =I14*J14 -> 0
A15: =IF(B15="","",A14+1) | H15: 小学以下男子 | I15: =COUNTIF(A:B,H15) -> 0 | J15: 500 | K15: =I15*J15 -> 0
A16: =IF(B16="","",A15+1) | H16: 小学以下女子 | I16: =COUNTIF(A:B,H16) -> 0 | J16: 500 | K16: =I16*J16 -> 0
A17: =IF(B17="","",A16+1)
A18: =IF(B18="","",A17+1)
A19: =IF(B19="","",A18+1)
A20: =IF(B20="","",A19+1)
A21: =IF(B21="","",A20+1)
A22: =IF(B22="","",A21+1)
A23: =IF(B23="","",A22+1)
A24: =IF(B24="","",A23+1)
A25: =IF(B25="","",A24+1)
A26: =IF(B26="","",A25+1)
A27: =IF(B27="","",A26+1)
A28: =IF(B28="","",A27+1)
... A44: =IF(B44="","",A43+1)
B46: 出場者 | C46: =I7 -> 0
B47: 金額 | C47: =K7 -> 0
A49: ※一般は、確定年代別(年度末の満年令)ですが、エントリーが1名の場合は、
A50: 一つ下のクラス(年代)への参加となります。
A51: ※小6、中3、高3は、一般の部（30歳未満）への出場となります。
A52: ※各種目、2名以上の参加で成立とします。

Sheet 領収書
A1: 領 収 書
A4: =IF(団体名等入力!B3=0,"",団体名等入力!B3) | C4: =男女団体!I25+男女シングルス!C47 -> 0
A6: ただし、大会参加料 | C6: =団体名等入力!A3 -> 第32回バタフライダブルスチームカップ年代別・学年別選手権 | D6: として
A8: 46101 | C8: 釧路卓球協会
C9: 会長 山本 満

Sheet ダブルス
A1: 大会名 | C1: =団体名等入力!A3 -> 第32回バタフライダブルスチームカップ年代別・学年別選手権
A2: 登録団体名 | C2: =団体名等入力!B3 -> 0
B4: 出場種目 | C4: 氏名1 | E4: 氏名2 | G4: 団体名（氏名１） | H4: 団体名（氏名２） | I4: 年齢1 （年度末） | J4: 年齢2 （年度末） | K4: 登録/未登録
A5: 1 | L5: =IF(OR(D5="一般",D5="大学"),600,IF(OR(D5="高校",D5="中学",D5="小学"),400,0)) -> 0 | M5: =IF(OR(F5="一般",F5="大学"),600,IF(OR(F5="高校",F5="中学",F5="小学"),400,0)) -> 0 | N5: =SUM(L5:M5) -> 0 | O5: =IF(K5="登録",N5,N5*2) -> 0
A6: 2 | L6: =IF(OR(D6="一般",D6="大学"),600,IF(OR(D6="高校",D6="中学",D6="小学"),400,0)) -> 0 | M6: =IF(OR(F6="一般",F6="大学"),600,IF(OR(F6="高校",F6="中学",F6="小学"),400,0)) -> 0 | N6: =SUM(L6:M6) -> 0 | O6: =IF(K6="登録",N6,N6*2) -> 0
A7: 3 | L7: =IF(OR(D7="一般",D7="大学"),600,IF(OR(D7="高校",D7="中学",D7="小学"),400,0)) -> 0 | M7: =IF(OR(F7="一般",F7="大学"),600,IF(OR(F7="高校",F7="中学",F7="小学"),400,0)) -> 0 | N7: =SUM(L7:M7) -> 0 | O7: =IF(K7="登録",N7,N7*2) -> 0
A8: 4 | L8: =IF(OR(D8="一般",D8="大学"),600,IF(OR(D8="高校",D8="中学",D8="小学"),400,0)) -> 0 | M8: =IF(OR(F8="一般",F8="大学"),600,IF(OR(F8="高校",F8="中学",F8="小学"),400,0)) -> 0 | N8: =SUM(L8:M8) -> 0 | O8: =IF(K8="登録",N8,N8*2) -> 0
A9: 5 | L9: =IF(OR(D9="一般",D9="大学"),600,IF(OR(D9="高校",D9="中学",D9="小学"),400,0)) -> 0 | M9: =IF(OR(F9="一般",F9="大学"),600,IF(OR(F9="高校",F9="中学",F9="小学"),400,0)) -> 0 | N9: =SUM(L9:M9) -> 0 | O9: =IF(K9="登録",N9,N9*2) -> 0
A10: 6 | L10: =IF(OR(D10="一般",D10="大学"),600,IF(OR(D10="高校",D10="中学",D10="小学"),400,0)) -> 0 | M10: =IF(OR(F10="一般",F10="大学"),600,IF(OR(F10="高校",F10="中学",F10="小学"),400,0)) -> 0 | N10: =SUM(L10:M10) -> 0 | O10: =IF(K10="登録",N10,N10*2) -> 0
A11: 7 | L11: =IF(OR(D11="一般",D11="大学"),600,IF(OR(D11="高校",D11="中学",D11="小学"),400,0)) -> 0 | M11: =IF(OR(F11="一般",F11="大学"),600,IF(OR(F11="高校",F11="中学",F11="小学"),400,0)) -> 0 | N11: =SUM(L11:M11) -> 0 | O11: =IF(K11="登録",N11,N11*2) -> 0
A12: 8 | L12: =IF(OR(D12="一般",D12="大学"),600,IF(OR(D12="高校",D12="中学",D12="小学"),400,0)) -> 0 | M12: =IF(OR(F12="一般",F12="大学"),600,IF(OR(F12="高校",F12="中学",F12="小学"),400,0)) -> 0 | N12: =SUM(L12:M12) -> 0 | O12: =IF(K12="登録",N12,N12*2) -> 0
A13: 9 | L13: =IF(OR(D13="一般",D13="大学"),600,IF(OR(D13="高校",D13="中学",D13="小学"),400,0)) -> 0 | M13: =IF(OR(F13="一般",F13="大学"),600,IF(OR(F13="高校",F13="中学",F13="小学"),400,0)) -> 0 | N13: =SUM(L13:M13) -> 0 | O13: =IF(K13="登録",N13,N13*2) -> 0
A14: 10 | L14: =IF(OR(D14="一般",D14="大学"),600,IF(OR(D14="高校",D14="中学",D14="小学"),400,0)) -> 0 | M14: =IF(OR(F14="一般",F14="大学"),600,IF(OR(F14="高校",F14="中学",F14="小学"),400,0)) -> 0 | N14: =SUM(L14:M14) -> 0 | O14: =IF(K14="登録",N14,N14*2) -> 0
A15: 11 | L15: =IF(OR(D15="一般",D15="大学"),600,IF(OR(D15="高校",D15="中学",D15="小学"),400,0)) -> 0 | M15: =IF(OR(F15="一般",F15="大学"),600,IF(OR(F15="高校",F15="中学",F15="小学"),400,0)) -> 0 | N15: =SUM(L15:M15) -> 0 | O15: =IF(K15="登録",N15,N15*2) -> 0
A16: 12 | L16: =IF(OR(D16="一般",D16="大学"),600,IF(OR(D16="高校",D16="中学",D16="小学"),400,0)) -> 0 | M16: =IF(OR(F16="一般",F16="大学"),600,IF(OR(F16="高校",F16="中学",F16="小学"),400,0)) -> 0 | N16: =SUM(L16:M16) -> 0 | O16: =IF(K16="登録",N16,N16*2) -> 0
... A24: 20 | L24: =IF(OR(D24="一般",D24="大学"),600,IF(OR(D24="高校",D24="中学",D24="小学"),400,0)) -> 0 | M24: =IF(OR(F24="一般",F24="大学"),600,IF(OR(F24="高校",F24="中学",F24="小学"),400,0)) -> 0 | N24: =SUM(L24:M24) -> 0 | O24: =IF(K24="登録",N24,N24*2) -> 0
L25: =SUM(L5:L24) -> 0 | M25: =SUM(M5:M24) -> 0 | N25: =SUM(N5:N24) -> 0 | O25: =SUM(O5:O24) -> 0
J26: 出場者 | K26: =COUNTA(C5:C24) -> 0
J27: 金額 | K27: =O25 -> 0
