Workbook

Sheet 団体名等入力
A2: 大会名 | B2: 団体名 | C2: 申込責任者 | D2: 連絡先（電話番号）
A3: 第45回 湿原の風オープン選手権／ 第14回 ＰＭシニアオープン
A5: 引率顧問等 | B5: 顧問 | C5: コーチ | D5: コーチ
A6: ※引率顧問等の氏名を記載願います。
A7: ≪参加料は、大会当日の開会式前(午前8時15分～8時45分の間)に受付（ステージ左側）でお支払いください。≫

Sheet 男女シングルス
A1: 大会名 | C1: =団体名等入力!A3 -> 第45回 湿原の風オープン選手権／ 第14回 ＰＭシニアオープン
A2: 団体名 | C2: =IF(団体名等入力!B3="","",団体名等入力!B3)
A3: シングルス（男子・女子）
B4: 区分 | C4: 氏名 | D4: 団体名 | E4: 支部名 | F4: 備考
A5: =IF(B5="","",1)
A6: =IF(B6="","",A5+1) | I6: 申込数合計 | K6: 金額合計
A7: =IF(B7="","",A6+1) | I7: =SUM(I9:I16) -> 0 | K7: =SUM(K9:K16) -> 0
A8: =IF(B8="","",A7+1) | H8: 申込区分 | I8: 申込数 | J8: 金額 | K8: 計
A9: =IF(B9="","",A8+1) | H9: 一般男子 | I9: =COUNTIF(A:B,H9) -> 0 | J9: 700 | K9: =I9*J9 -> 0
A10: =IF(B10="","",A9+1) | H10: 一般女子 | I10: =COUNTIF(A:B,H10) -> 0 | J10: 700 | K10: =I10*J10 -> 0
A11: =IF(B11="","",A10+1) | H11: 高校男子 | I11: =COUNTIF(A:B,H11) -> 0 | J11: 500 | K11: =I11*J11 -> 0
A12: =IF(B12="","",A11+1) | H12: 高校女子 | I12: =COUNTIF(A:B,H12) -> 0 | J12: 500 | K12: =I12*J12 -> 0
A13: =IF(B13="","",A12+1) | H13: 中学男子 | I13: =COUNTIF(A:B,H13) -> 0 | J13: 500 | K13: =I13*J13 -> 0
A14: =IF(B14="","",A13+1) | H14: 中学女子 | I14: =COUNTIF(A:B,H14) -> 0 | J14: 500 | K14: =I14*J14 -> 0
A15: =IF(B15="","",A14+1) | H15: 小学男子 | I15: =COUNTIF(A:B,H15) -> 0 | J15: 500 | K15: =I15*J15 -> 0
A16: =IF(B16="","",A15+1) | H16: 小学女子 | I16: =COUNTIF(A:B,H16) -> 0 | J16: 500 | K16: =I16*J16 -> 0
A17: =IF(B17="","",A16+1)
A18: =IF(B18="","",A17+1)
A19: =IF(B19="","",A18+1)
A20: =IF(B20="","",A19+1)
A21: =IF(B21="","",A20+1)
A22: =IF(B22="","",A21+1)
A23: =IF(B23="","",A22+1)
A24: =IF(B24="","",A23+1)
A25: =IF(B25="","",A24+1)
A26: =IF(B26="","",A25+1)
A27: =IF(B27="","",A26+1)
A28: =IF(B28="","",A27+1)
... A44: =IF(B44="","",A43+1)
B46: 出場者 | C46: =I7 -> 0
B47: 金額 | C47: =K7 -> 0

Sheet 男女ダブルス
A1: 大会名 | C1: =団体名等入力!A3 -> 第45回 湿原の風オープン選手権／ 第14回 ＰＭシニアオープン
A2: 登録団体名 | C2: =IF(団体名等入力!B3="","",団体名等入力!B3)
A3: ダブルス（男子・女子） | D3: 注意！他団体の選手と組む場合は、重複申込の無いよう調整してください。
B4: 種目 | C4: 氏名１ | D4: 氏名2 | E4: 氏名１の団体名 | F4: 氏名２の団体名 | G4: 支部名 | H4: 備考
A5: =IF(B5="","",1)
A6: =IF(B6="","",A5+1) | K6: 申込数合計 | M6: 金額合計
A7: =IF(B7="","",A6+1) | K7: =SUM(K9:K17) -> 0 | M7: =SUM(M9:M17) -> 0
A8: =IF(B8="","",A7+1) | J8: 申込区分 | K8: 申込数 | L8: 金額 | M8: 計
A9: =IF(B9="","",A8+1) | J9: ミックス | K9: =COUNTIF(A:B,J9) -> 0 | L9: 1000 | M9: =K9*L9 -> 0
A10: =IF(B10="","",A9+1) | J10: 一般男子 | K10: =COUNTIF(A:B,J10) -> 0 | L10: 1000 | M10: =K10*L10 -> 0
A11: =IF(B11="","",A10+1) | J11: 一般女子 | K11: =COUNTIF(A:B,J11) -> 0 | L11: 1000 | M11: =K11*L11 -> 0
A12: =IF(B12="","",A11+1) | J12: 高校男子 | K12: =COUNTIF(A:B,J12) -> 0 | L12: 800 | M12: =K12*L12 -> 0
A13: =IF(B13="","",A12+1) | J13: 高校女子 | K13: =COUNTIF(A:B,J13) -> 0 | L13: 800 | M13: =K13*L13 -> 0
A14: =IF(B14="","",A13+1) | J14: 中学男子 | K14: =COUNTIF(A:B,J14) -> 0 | L14: 800 | M14: =K14*L14 -> 0
A15: =IF(B15="","",A14+1) | J15: 中学女子 | K15: =COUNTIF(A:B,J15) -> 0 | L15: 800 | M15: =K15*L15 -> 0
A16: =IF(B16="","",A15+1) | J16: 小学男子 | K16: =COUNTIF(A:B,J16) -> 0 | L16: 800 | M16: =K16*L16 -> 0
A17: =IF(B17="","",A16+1) | J17: 小学女子 | K17: =COUNTIF(A:B,J17) -> 0 | L17: 800 | M17: =K17*L17 -> 0
A18: =IF(B18="","",A17+1)
A19: =IF(B19="","",A18+1)
A20: =IF(B20="","",A19+1)
A21: =IF(B21="","",A20+1)
A22: =IF(B22="","",A21+1)
A23: =IF(B23="","",A22+1)
A24: =IF(B24="","",A23+1)
A25: =IF(B25="","",A24+1)
A26: =IF(B26="","",A25+1)
A27: =IF(B27="","",A26+1)
A28: =IF(B28="","",A27+1)
A29: =IF(B29="","",A28+1)
... A44: =IF(B44="","",A43+1)
B46: 出場者 | C46: =K7 -> 0
B47: 金額 | C47: =M7 -> 0

Sheet ＰＭシニア男女
A1: 大会名 | C1: =団体名等入力!A3 -> 第45回 湿原の風オープン選手権／ 第14回 ＰＭシニアオープン
A2: 団体名 | C2: =IF(団体名等入力!B3="","",団体名等入力!B3)
A3: シングルス（男子・女子）
B4: 種目 | C4: 氏名 | D4: 団体名 | E4: 支部名 | F4: 年齢 （５５歳以上） | G4: 備考
A5: =IF(B5="","",1)
A6: =IF(B6="","",A5+1)
A7: =IF(B7="","",A6+1) | J7: 申込数合計 | L7: 金額合計
A8: =IF(B8="","",A7+1) | J8: =SUM(J10:J11) -> 0 | L8: =SUM(L10:L11) -> 0
A9: =IF(B9="","",A8+1) | I9: 申込区分 | J9: 申込数 | K9: 金額 | L9: 計
A10: =IF(B10="","",A9+1) | I10: 一般男子 | J10: =COUNTIF(A:B,I10) -> 0 | K10: 700 | L10: =J10*K10 -> 0
A11: =IF(B11="","",A10+1) | I11: 一般女子 | J11: =COUNTIF(A:B,I11) -> 0 | K11: 700 | L11: =J11*K11 -> 0
A12: =IF(B12="","",A11+1)
A13: =IF(B13="","",A12+1)
A14: =IF(B14="","",A13+1)
A15: =IF(B15="","",A14+1)
A16: =IF(B16="","",A15+1)
A17: =IF(B17="","",A16+1)
A18: =IF(B18="","",A17+1)
A19: =IF(B19="","",A18+1)
A20: =IF(B20="","",A19+1)
A21: =IF(B21="","",A20+1)
A22: =IF(B22="","",A21+1)
A23: =IF(B23="","",A22+1)
A24: =IF(B24="","",A23+1)
B26: 出場者 | C26: =J8 -> 0
B27: 金額 | C27: =L8 -> 0

Sheet 団体 (記載例)
A1: 大会名 | D1: =団体名等入力!A3 -> 第45回 湿原の風オープン選手権／ 第14回 ＰＭシニアオープン
A2: 団体名 | D2: =IF(団体名等入力!C3="","",団体名等入力!C3)
B4: 区分 | C4: チーム名 | D4: 氏名1 | E4: 氏名2 | F4: 氏名3 | G4: 氏名4 | H4: 登録/未登録
A5: 1 | B5: 小学 | C5: ○○少年団 | D5: 中村 伸治 | E5: 小池 樹 | F5: 伊藤 一則 | G5: 大利 浩紀 | I5: =IF(OR(B5="一般",B5="大学"),2100,IF(OR(B5="高校",B5="中学",B5="小学"),1500,0)) -> 1500 | J5: =IF(H5="登録",I5,I5*1) -> 1500
A6: 2 | B6: 小学 | C6: □□クラブ | D6: 大野 和央 | E6: 守田 浩 | F6: 田口 茂樹 | G6: 山﨑 伸治 | I6: =IF(OR(B6="一般",B6="大学"),2100,IF(OR(B6="高校",B6="中学",B6="小学"),1500,0)) -> 1500 | J6: =IF(H6="登録",I6,I6*1) -> 1500
A7: 3 | B7: 小学 | C7: ◆◆TTC | D7: 佐々木 伸治 | E7: 藤川 伸治 | F7: 山﨑 伸治 | I7: =IF(OR(B7="一般",B7="大学"),2100,IF(OR(B7="高校",B7="中学",B7="小学"),1500,0)) -> 1500 | J7: =IF(H7="登録",I7,I7*1) -> 1500
A8: 4 | I8: =IF(OR(B8="一般",B8="大学"),2100,IF(OR(B8="高校",B8="中学",B8="小学"),1500,0)) -> 0 | J8: =IF(H8="登録",I8,I8*1) -> 0
A9: 5 | I9: =IF(OR(B9="一般",B9="大学"),2100,IF(OR(B9="高校",B9="中学",B9="小学"),1500,0)) -> 0 | J9: =IF(H9="登録",I9,I9*1) -> 0
A10: 6 | I10: =IF(OR(B10="一般",B10="大学"),2100,IF(OR(B10="高校",B10="中学",B10="小学"),1500,0)) -> 0 | J10: =IF(H10="登録",I10,I10*1) -> 0
A11: 7 | I11: =IF(OR(B11="一般",B11="大学"),2100,IF(OR(B11="高校",B11="中学",B11="小学"),1500,0)) -> 0 | J11: =IF(H11="登録",I11,I11*1) -> 0
A12: 8 | I12: =IF(OR(B12="一般",B12="大学"),2100,IF(OR(B12="高校",B12="中学",B12="小学"),1500,0)) -> 0 | J12: =IF(H12="登録",I12,I12*1) -> 0
A13: 9 | I13: =IF(OR(B13="一般",B13="大学"),2100,IF(OR(B13="高校",B13="中学",B13="小学"),1500,0)) -> 0 | J13: =IF(H13="登録",I13,I13*1) -> 0
A14: 10 | I14: =IF(OR(B14="一般",B14="大学"),2100,IF(OR(B14="高校",B14="中学",B14="小学"),1500,0)) -> 0 | J14: =IF(H14="登録",I14,I14*1) -> 0
A15: 11 | I15: =IF(OR(B15="一般",B15="大学"),2100,IF(OR(B15="高校",B15="中学",B15="小学"),1500,0)) -> 0 | J15: =IF(H15="登録",I15,I15*1) -> 0
A16: 12 | I16: =IF(OR(B16="一般",B16="大学"),2100,IF(OR(B16="高校",B16="中学",B16="小学"),1500,0)) -> 0 | J16: =IF(H16="登録",I16,I16*1) -> 0
A17: 13 | I17: =IF(OR(B17="一般",B17="大学"),2100,IF(OR(B17="高校",B17="中学",B17="小学"),1500,0)) -> 0 | J17: =IF(H17="登録",I17,I17*1) -> 0
A18: 14 | I18: =IF(OR(B18="一般",B18="大学"),2100,IF(OR(B18="高校",B18="中学",B18="小学"),1500,0)) -> 0 | J18: =IF(H18="登録",I18,I18*1) -> 0
A19: 15 | I19: =IF(OR(B19="一般",B19="大学"),2100,IF(OR(B19="高校",B19="中学",B19="小学"),1500,0)) -> 0 | J19: =IF(H19="登録",I19,I19*1) -> 0
... A24: 20 | I24: =IF(OR(B24="一般",B24="大学"),2100,IF(OR(B24="高校",B24="中学",B24="小学"),1500,0)) -> 0 | J24: =IF(H24="登録",I24,I24*1) -> 0
F26: 出場チーム | G26: =COUNTA(C5:C24) -> 3
F27: 金額 | G27: =J27 -> 4500 | J27: =SUM(J5:J26) -> 4500

Sheet シングルス (記載例)
A1: 大会名 | C1: =団体名等入力!A3 -> 第45回 湿原の風オープン選手権／ 第14回 ＰＭシニアオープン
A2: 団体名 | C2: =IF(団体名等入力!B3="","",団体名等入力!B3)
B4: 出場種目 | C4: 氏名 | D4: 団体名 | E4: 年齢 （年度末） | F4: 登録/未登録
A5: 1 | B5: 一般 | C5: 中村 伸治 | D5: 釧路市役所 | E5: ２０歳代以下 | G5: =IF(OR(B5="一般",B5="大学"),700,IF(OR(B5="高校",B5="中学",B5="小学"),500,0)) -> 700 | H5: =IF(F5="登録",G5,G5*1) -> 700
A6: 2 | B6: 一般 | C6: 小池 樹 | D6: 釧路市役所 | E6: ４０歳代 | G6: =IF(OR(B6="一般",B6="大学"),700,IF(OR(B6="高校",B6="中学",B6="小学"),500,0)) -> 700 | H6: =IF(F6="登録",G6,G6*1) -> 700
A7: 3 | B7: 一般 | C7: 安田 栄子 | D7: 釧路市役所 | E7: ５０歳代 | G7: =IF(OR(B7="一般",B7="大学"),700,IF(OR(B7="高校",B7="中学",B7="小学"),500,0)) -> 700 | H7: =IF(F7="登録",G7,G7*1) -> 700
A8: 4 | B8: 高校 | C8: 吉田 音華 | D8: 釧路市役所 | E8: 高校２年 | G8: =IF(OR(B8="一般",B8="大学"),700,IF(OR(B8="高校",B8="中学",B8="小学"),500,0)) -> 500 | H8: =IF(F8="登録",G8,G8*1) -> 500
A9: 5 | B9: 小学 | C9: 小池 一則 | D9: ウィング | E9: 小学 | G9: =IF(OR(B9="一般",B9="大学"),700,IF(OR(B9="高校",B9="中学",B9="小学"),500,0)) -> 500 | H9: =IF(F9="登録",G9,G9*1) -> 500
A10: 6 | G10: =IF(OR(B10="一般",B10="大学"),700,IF(OR(B10="高校",B10="中学",B10="小学"),500,0)) -> 0 | H10: =IF(F10="登録",G10,G10*1) -> 0
A11: 7 | G11: =IF(OR(B11="一般",B11="大学"),700,IF(OR(B11="高校",B11="中学",B11="小学"),500,0)) -> 0 | H11: =IF(F11="登録",G11,G11*1) -> 0
A12: 8 | G12: =IF(OR(B12="一般",B12="大学"),700,IF(OR(B12="高校",B12="中学",B12="小学"),500,0)) -> 0 | H12: =IF(F12="登録",G12,G12*1) -> 0
A13: 9 | G13: =IF(OR(B13="一般",B13="大学"),700,IF(OR(B13="高校",B13="中学",B13="小学"),500,0)) -> 0 | H13: =IF(F13="登録",G13,G13*1) -> 0
A14: 10 | G14: =IF(OR(B14="一般",B14="大学"),700,IF(OR(B14="高校",B14="中学",B14="小学"),500,0)) -> 0 | H14: =IF(F14="登録",G14,G14*1) -> 0
A15: 11 | G15: =IF(OR(B15="一般",B15="大学"),700,IF(OR(B15="高校",B15="中学",B15="小学"),500,0)) -> 0 | H15: =IF(F15="登録",G15,G15*1) -> 0
A16: 12 | G16: =IF(OR(B16="一般",B16="大学"),700,IF(OR(B16="高校",B16="中学",B16="小学"),500,0)) -> 0 | H16: =IF(F16="登録",G16,G16*1) -> 0
A17: 13 | G17: =IF(OR(B17="一般",B17="大学"),700,IF(OR(B17="高校",B17="中学",B17="小学"),500,0)) -> 0 | H17: =IF(F17="登録",G17,G17*1) -> 0
A18: 14 | G18: =IF(OR(B18="一般",B18="大学"),700,IF(OR(B18="高校",B18="中学",B18="小学"),500,0)) -> 0 | H18: =IF(F18="登録",G18,G18*1) -> 0
A19: 15 | G19: =IF(OR(B19="一般",B19="大学"),700,IF(OR(B19="高校",B19="中学",B19="小学"),500,0)) -> 0 | H19: =IF(F19="登録",G19,G19*1) -> 0
A20: 16 | G20: =IF(OR(B20="一般",B20="大学"),700,IF(OR(B20="高校",B20="中学",B20="小学"),500,0)) -> 0 | H20: =IF(F20="登録",G20,G20*1) -> 0
A21: 17 | G21: =IF(OR(B21="一般",B21="大学"),700,IF(OR(B21="高校",B21="中学",B21="小学"),500,0)) -> 0 | H21: =IF(F21="登録",G21,G21*1) -> 0
... A44: 40 | G44: =IF(OR(B44="一般",B44="大学"),700,IF(OR(B44="高校",B44="中学",B44="小学"),500,0)) -> 0 | H44: =IF(F44="登録",G44,G44*1) -> 0
G45: =SUM(G5:G44) -> 3100 | H45: =IF(F45="登録",G45,G45*1) -> 3100
D46: 出場者 | E46: =COUNTA(C5:C44) -> 5
D47: 金額 | E47: =H45 -> 3100

Sheet 合計金額
A1: 合計金額
A4: =IF(団体名等入力!B3="","",団体名等入力!B3)
A6: 大会参加料の合計は | D6: =男女シングルス!C47+男女ダブルス!C47+ＰＭシニア男女!C27 -> 0 | E6: です。
